tile,format,bytes,bpp
45452/71494.jpeg,etc1s,11286,1.378
45452/71495.jpeg,etc1s,11170,1.364
45452/71496.jpeg,etc1s,11360,1.387
45452/71497.jpeg,etc1s,11333,1.383
45453/71494.jpeg,etc1s,11569,1.412
45453/71495.jpeg,etc1s,11143,1.360
45453/71496.jpeg,etc1s,11103,1.355
45453/71497.jpeg,etc1s,11407,1.392
45454/71494.jpeg,etc1s,11517,1.406
45454/71495.jpeg,etc1s,11499,1.404
45454/71496.jpeg,etc1s,11698,1.428
45454/71497.jpeg,etc1s,11745,1.434
45455/71494.jpeg,etc1s,11660,1.423
45455/71495.jpeg,etc1s,11569,1.412
45455/71496.jpeg,etc1s,11546,1.409
45455/71497.jpeg,etc1s,11746,1.434
45452/71494.jpeg,uastc4x4,64608,7.887
45452/71495.jpeg,uastc4x4,63833,7.792
45452/71496.jpeg,uastc4x4,65730,8.024
45452/71497.jpeg,uastc4x4,65730,8.024
45453/71494.jpeg,uastc4x4,65730,8.024
45453/71495.jpeg,uastc4x4,63953,7.807
45453/71496.jpeg,uastc4x4,63666,7.772
45453/71497.jpeg,uastc4x4,65730,8.024
45454/71494.jpeg,uastc4x4,65730,8.024
45454/71495.jpeg,uastc4x4,65730,8.024
45454/71496.jpeg,uastc4x4,65730,8.024
45454/71497.jpeg,uastc4x4,65730,8.024
45455/71494.jpeg,uastc4x4,65730,8.024
45455/71495.jpeg,uastc4x4,65730,8.024
45455/71496.jpeg,uastc4x4,65730,8.024
45455/71497.jpeg,uastc4x4,65730,8.024
45452/71494.jpeg,xuastc4x4,57444,7.012
45452/71495.jpeg,xuastc4x4,57189,6.981
45452/71496.jpeg,xuastc4x4,57572,7.028
45452/71497.jpeg,xuastc4x4,57405,7.007
45453/71494.jpeg,xuastc4x4,58223,7.107
45453/71495.jpeg,xuastc4x4,57044,6.963
45453/71496.jpeg,xuastc4x4,57051,6.964
45453/71497.jpeg,xuastc4x4,57160,6.978
45454/71494.jpeg,xuastc4x4,57646,7.037
45454/71495.jpeg,xuastc4x4,58008,7.081
45454/71496.jpeg,xuastc4x4,57772,7.052
45454/71497.jpeg,xuastc4x4,58135,7.097
45455/71494.jpeg,xuastc4x4,58333,7.121
45455/71495.jpeg,xuastc4x4,58170,7.101
45455/71496.jpeg,xuastc4x4,58031,7.084
45455/71497.jpeg,xuastc4x4,58422,7.132
45452/71494.jpeg,xuastc5x5,39192,4.784
45452/71495.jpeg,xuastc5x5,38992,4.760
45452/71496.jpeg,xuastc5x5,39149,4.779
45452/71497.jpeg,xuastc5x5,39056,4.768
45453/71494.jpeg,xuastc5x5,39220,4.788
45453/71495.jpeg,xuastc5x5,38920,4.751
45453/71496.jpeg,xuastc5x5,38725,4.727
45453/71497.jpeg,xuastc5x5,39208,4.786
45454/71494.jpeg,xuastc5x5,39480,4.819
45454/71495.jpeg,xuastc5x5,39556,4.829
45454/71496.jpeg,xuastc5x5,39258,4.792
45454/71497.jpeg,xuastc5x5,39314,4.799
45455/71494.jpeg,xuastc5x5,39440,4.814
45455/71495.jpeg,xuastc5x5,39548,4.828
45455/71496.jpeg,xuastc5x5,39524,4.825
45455/71497.jpeg,xuastc5x5,39637,4.839
45452/71494.jpeg,xuastc6x6,27526,3.360
45452/71495.jpeg,xuastc6x6,27538,3.362
45452/71496.jpeg,xuastc6x6,27542,3.362
45452/71497.jpeg,xuastc6x6,27597,3.369
45453/71494.jpeg,xuastc6x6,27711,3.383
45453/71495.jpeg,xuastc6x6,27363,3.340
45453/71496.jpeg,xuastc6x6,27304,3.333
45453/71497.jpeg,xuastc6x6,27540,3.362
45454/71494.jpeg,xuastc6x6,27769,3.390
45454/71495.jpeg,xuastc6x6,27767,3.390
45454/71496.jpeg,xuastc6x6,27550,3.363
45454/71497.jpeg,xuastc6x6,27685,3.380
45455/71494.jpeg,xuastc6x6,27898,3.406
45455/71495.jpeg,xuastc6x6,27770,3.390
45455/71496.jpeg,xuastc6x6,27682,3.379
45455/71497.jpeg,xuastc6x6,27765,3.389
45452/71494.jpeg,xuastc8x8,16105,1.966
45452/71495.jpeg,xuastc8x8,15915,1.943
45452/71496.jpeg,xuastc8x8,15920,1.943
45452/71497.jpeg,xuastc8x8,16020,1.956
45453/71494.jpeg,xuastc8x8,16112,1.967
45453/71495.jpeg,xuastc8x8,15990,1.952
45453/71496.jpeg,xuastc8x8,15952,1.947
45453/71497.jpeg,xuastc8x8,15891,1.940
45454/71494.jpeg,xuastc8x8,16126,1.969
45454/71495.jpeg,xuastc8x8,15964,1.949
45454/71496.jpeg,xuastc8x8,16034,1.957
45454/71497.jpeg,xuastc8x8,16047,1.959
45455/71494.jpeg,xuastc8x8,16097,1.965
45455/71495.jpeg,xuastc8x8,16037,1.958
45455/71496.jpeg,xuastc8x8,16027,1.956
45455/71497.jpeg,xuastc8x8,16052,1.959
45452/71494.jpeg,xuastc10x10,10223,1.248
45452/71495.jpeg,xuastc10x10,10185,1.243
45452/71496.jpeg,xuastc10x10,10271,1.254
45452/71497.jpeg,xuastc10x10,10256,1.252
45453/71494.jpeg,xuastc10x10,10301,1.257
45453/71495.jpeg,xuastc10x10,10309,1.258
45453/71496.jpeg,xuastc10x10,10366,1.265
45453/71497.jpeg,xuastc10x10,10205,1.246
45454/71494.jpeg,xuastc10x10,10249,1.251
45454/71495.jpeg,xuastc10x10,10226,1.248
45454/71496.jpeg,xuastc10x10,10349,1.263
45454/71497.jpeg,xuastc10x10,10189,1.244
45455/71494.jpeg,xuastc10x10,10281,1.255
45455/71495.jpeg,xuastc10x10,10363,1.265
45455/71496.jpeg,xuastc10x10,10202,1.245
45455/71497.jpeg,xuastc10x10,10244,1.250
45452/71494.jpeg,xuastc12x12,7435,0.908
45452/71495.jpeg,xuastc12x12,7405,0.904
45452/71496.jpeg,xuastc12x12,7483,0.913
45452/71497.jpeg,xuastc12x12,7468,0.912
45453/71494.jpeg,xuastc12x12,7369,0.900
45453/71495.jpeg,xuastc12x12,7509,0.917
45453/71496.jpeg,xuastc12x12,7522,0.918
45453/71497.jpeg,xuastc12x12,7413,0.905
45454/71494.jpeg,xuastc12x12,7530,0.919
45454/71495.jpeg,xuastc12x12,7458,0.910
45454/71496.jpeg,xuastc12x12,7523,0.918
45454/71497.jpeg,xuastc12x12,7322,0.894
45455/71494.jpeg,xuastc12x12,7408,0.904
45455/71495.jpeg,xuastc12x12,7502,0.916
45455/71496.jpeg,xuastc12x12,7487,0.914
45455/71497.jpeg,xuastc12x12,7428,0.907
45452/71494.jpeg,etc1s_q255,20921,2.554
45452/71495.jpeg,etc1s_q255,21001,2.564
45452/71496.jpeg,etc1s_q255,21276,2.597
45452/71497.jpeg,etc1s_q255,21502,2.625
45453/71494.jpeg,etc1s_q255,21522,2.627
45453/71495.jpeg,etc1s_q255,20730,2.531
45453/71496.jpeg,etc1s_q255,20634,2.519
45453/71497.jpeg,etc1s_q255,21390,2.611
45454/71494.jpeg,etc1s_q255,21215,2.590
45454/71495.jpeg,etc1s_q255,21329,2.604
45454/71496.jpeg,etc1s_q255,21505,2.625
45454/71497.jpeg,etc1s_q255,21843,2.666
45455/71494.jpeg,etc1s_q255,21628,2.640
45455/71495.jpeg,etc1s_q255,21546,2.630
45455/71496.jpeg,etc1s_q255,21316,2.602
45455/71497.jpeg,etc1s_q255,21790,2.660
45452/71494.jpeg,etc1s_q192,16300,1.990
45452/71495.jpeg,etc1s_q192,16303,1.990
45452/71496.jpeg,etc1s_q192,16476,2.011
45452/71497.jpeg,etc1s_q192,16619,2.029
45453/71494.jpeg,etc1s_q192,16631,2.030
45453/71495.jpeg,etc1s_q192,16094,1.965
45453/71496.jpeg,etc1s_q192,15922,1.944
45453/71497.jpeg,etc1s_q192,16542,2.019
45454/71494.jpeg,etc1s_q192,16590,2.025
45454/71495.jpeg,etc1s_q192,16540,2.019
45454/71496.jpeg,etc1s_q192,16690,2.037
45454/71497.jpeg,etc1s_q192,16960,2.070
45455/71494.jpeg,etc1s_q192,16771,2.047
45455/71495.jpeg,etc1s_q192,16642,2.031
45455/71496.jpeg,etc1s_q192,16606,2.027
45455/71497.jpeg,etc1s_q192,16876,2.060
45452/71494.jpeg,uastc4x4_rdo,59648,7.281
45452/71495.jpeg,uastc4x4_rdo,59413,7.253
45452/71496.jpeg,uastc4x4_rdo,61517,7.509
45452/71497.jpeg,uastc4x4_rdo,61842,7.549
45453/71494.jpeg,uastc4x4_rdo,62048,7.574
45453/71495.jpeg,uastc4x4_rdo,59294,7.238
45453/71496.jpeg,uastc4x4_rdo,58498,7.141
45453/71497.jpeg,uastc4x4_rdo,61383,7.493
45454/71494.jpeg,uastc4x4_rdo,60548,7.391
45454/71495.jpeg,uastc4x4_rdo,61516,7.509
45454/71496.jpeg,uastc4x4_rdo,60979,7.444
45454/71497.jpeg,uastc4x4_rdo,61588,7.518
45455/71494.jpeg,uastc4x4_rdo,61706,7.532
45455/71495.jpeg,uastc4x4_rdo,61861,7.551
45455/71496.jpeg,uastc4x4_rdo,60404,7.374
45455/71497.jpeg,uastc4x4_rdo,62445,7.623
45452/71494.jpeg,xuastc6x6_q75,23092,2.819
45452/71495.jpeg,xuastc6x6_q75,22681,2.769
45452/71496.jpeg,xuastc6x6_q75,23735,2.897
45452/71497.jpeg,xuastc6x6_q75,23652,2.887
45453/71494.jpeg,xuastc6x6_q75,24485,2.989
45453/71495.jpeg,xuastc6x6_q75,22061,2.693
45453/71496.jpeg,xuastc6x6_q75,21553,2.631
45453/71497.jpeg,xuastc6x6_q75,23672,2.890
45454/71494.jpeg,xuastc6x6_q75,23608,2.882
45454/71495.jpeg,xuastc6x6_q75,24057,2.937
45454/71496.jpeg,xuastc6x6_q75,23486,2.867
45454/71497.jpeg,xuastc6x6_q75,24106,2.943
45455/71494.jpeg,xuastc6x6_q75,24446,2.984
45455/71495.jpeg,xuastc6x6_q75,24353,2.973
45455/71496.jpeg,xuastc6x6_q75,23397,2.856
45455/71497.jpeg,xuastc6x6_q75,24344,2.972
45452/71494.jpeg,xuastc8x8_q75,15736,1.921
45452/71495.jpeg,xuastc8x8_q75,15507,1.893
45452/71496.jpeg,xuastc8x8_q75,15702,1.917
45452/71497.jpeg,xuastc8x8_q75,15779,1.926
45453/71494.jpeg,xuastc8x8_q75,15914,1.943
45453/71495.jpeg,xuastc8x8_q75,15634,1.908
45453/71496.jpeg,xuastc8x8_q75,15680,1.914
45453/71497.jpeg,xuastc8x8_q75,15653,1.911
45454/71494.jpeg,xuastc8x8_q75,15733,1.921
45454/71495.jpeg,xuastc8x8_q75,15596,1.904
45454/71496.jpeg,xuastc8x8_q75,15739,1.921
45454/71497.jpeg,xuastc8x8_q75,15763,1.924
45455/71494.jpeg,xuastc8x8_q75,15892,1.940
45455/71495.jpeg,xuastc8x8_q75,15763,1.924
45455/71496.jpeg,xuastc8x8_q75,15801,1.929
45455/71497.jpeg,xuastc8x8_q75,15883,1.939
45452/71494.jpeg,xubc7,47543,5.804
45452/71495.jpeg,xubc7,47733,5.827
45452/71496.jpeg,xubc7,48057,5.866
45452/71497.jpeg,xubc7,47911,5.849
45453/71494.jpeg,xubc7,48470,5.917
45453/71495.jpeg,xubc7,46858,5.720
45453/71496.jpeg,xubc7,46572,5.685
45453/71497.jpeg,xubc7,47587,5.809
45454/71494.jpeg,xubc7,48858,5.964
45454/71495.jpeg,xubc7,48827,5.960
45454/71496.jpeg,xubc7,48212,5.885
45454/71497.jpeg,xubc7,48621,5.935
45455/71494.jpeg,xubc7,49454,6.037
45455/71495.jpeg,xubc7,49453,6.037
45455/71496.jpeg,xubc7,48877,5.966
45455/71497.jpeg,xubc7,49534,6.047
45452/71494.jpeg,xubc7_q75,36922,4.507
45452/71495.jpeg,xubc7_q75,37434,4.570
45452/71496.jpeg,xubc7_q75,38766,4.732
45452/71497.jpeg,xubc7_q75,38632,4.716
45453/71494.jpeg,xubc7_q75,39076,4.770
45453/71495.jpeg,xubc7_q75,35032,4.276
45453/71496.jpeg,xubc7_q75,33835,4.130
45453/71497.jpeg,xubc7_q75,38276,4.672
45454/71494.jpeg,xubc7_q75,39068,4.769
45454/71495.jpeg,xubc7_q75,40471,4.940
45454/71496.jpeg,xubc7_q75,38729,4.728
45454/71497.jpeg,xubc7_q75,39791,4.857
45455/71494.jpeg,xubc7_q75,40513,4.945
45455/71495.jpeg,xubc7_q75,40663,4.964
45455/71496.jpeg,xubc7_q75,38872,4.745
45455/71497.jpeg,xubc7_q75,40999,5.005
45452/71494.jpeg,xubc7_q40,29928,3.653
45452/71495.jpeg,xubc7_q40,30140,3.679
45452/71496.jpeg,xubc7_q40,31051,3.790
45452/71497.jpeg,xubc7_q40,30913,3.774
45453/71494.jpeg,xubc7_q40,31371,3.829
45453/71495.jpeg,xubc7_q40,28526,3.482
45453/71496.jpeg,xubc7_q40,27629,3.373
45453/71497.jpeg,xubc7_q40,30698,3.747
45454/71494.jpeg,xubc7_q40,31658,3.865
45454/71495.jpeg,xubc7_q40,32709,3.993
45454/71496.jpeg,xubc7_q40,31159,3.804
45454/71497.jpeg,xubc7_q40,31895,3.893
45455/71494.jpeg,xubc7_q40,33000,4.028
45455/71495.jpeg,xubc7_q40,33101,4.041
45455/71496.jpeg,xubc7_q40,31707,3.870
45455/71497.jpeg,xubc7_q40,32882,4.014
